timestamp,source_ip,destination_ip,user,action,status,is_attack
2024-01-15 00:10:00,1.1.1.1,10.0.0.5,erin,login,failed,1
2024-01-15 00:10:05,1.1.1.1,10.0.0.5,erin,login,failed,1
2024-01-15 00:10:10,1.1.1.1,10.0.0.5,erin,login,failed,1
2024-01-15 00:10:15,1.1.1.1,10.0.0.5,erin,login,failed,1
2024-01-15 00:10:20,1.1.1.1,10.0.0.5,erin,login,failed,1
2024-01-15 00:10:25,1.1.1.1,10.0.0.5,erin,login,failed,1
2024-01-15 00:10:30,1.1.1.1,10.0.0.5,erin,login,success,1
2024-01-15 03:05:00,1.1.1.1,10.0.0.5,dave,login,failed,1
2024-01-15 03:05:05,1.1.1.1,10.0.0.5,dave,login,failed,1
2024-01-15 03:05:10,1.1.1.1,10.0.0.5,dave,login,failed,1
2024-01-15 03:05:15,1.1.1.1,10.0.0.5,dave,login,failed,1
2024-01-15 03:05:20,1.1.1.1,10.0.0.5,dave,login,failed,1
2024-01-15 03:05:25,1.1.1.1,10.0.0.5,dave,login,success,1
2024-01-15 08:00:08,192.168.1.11,10.0.0.5,bob,login,success,0
2024-01-15 08:01:00,185.228.168.9,10.0.0.5,bob,login,failed,1
2024-01-15 08:01:05,185.228.168.9,10.0.0.5,bob,login,failed,1
2024-01-15 08:01:10,185.228.168.9,10.0.0.5,bob,login,failed,1
2024-01-15 08:01:15,185.228.168.9,10.0.0.5,bob,login,failed,1
2024-01-15 08:01:20,185.228.168.9,10.0.0.5,bob,login,failed,1
2024-01-15 08:01:25,185.228.168.9,10.0.0.5,bob,login,failed,1
2024-01-15 08:01:30,185.228.168.9,10.0.0.5,bob,login,success,1
2024-01-15 08:02:00,103.86.96.100,10.0.0.5,carol,login,failed,1
2024-01-15 08:02:05,103.86.96.100,10.0.0.5,carol,login,failed,1
2024-01-15 08:02:10,103.86.96.100,10.0.0.5,carol,login,failed,1
2024-01-15 08:02:15,103.86.96.100,10.0.0.5,carol,login,failed,1
2024-01-15 08:02:20,103.86.96.100,10.0.0.5,carol,login,failed,1
2024-01-15 08:02:25,103.86.96.100,10.0.0.5,carol,login,failed,1
2024-01-15 08:02:30,103.86.96.100,10.0.0.5,carol,login,failed,1
2024-01-15 08:02:35,103.86.96.100,10.0.0.5,carol,login,failed,1
2024-01-15 08:02:40,103.86.96.100,10.0.0.5,carol,login,success,1
2024-01-15 08:03:27,192.168.1.14,10.0.0.5,erin,login,success,0
2024-01-15 08:03:44,192.168.1.13,10.0.0.5,dave,login,success,0
2024-01-15 08:07:43,192.168.1.10,10.0.0.5,alice,login,success,0
2024-01-15 08:12:26,192.168.1.12,10.0.0.5,carol,login,success,0
2024-01-15 08:12:31,192.168.1.17,10.0.0.5,heidi,login,success,0
2024-01-15 08:12:44,192.168.1.10,10.0.0.5,alice,login,failed,0
2024-01-15 08:15:05,192.168.1.15,10.0.0.5,frank,login,success,0
2024-01-15 08:16:05,192.168.1.16,10.0.0.5,grace,login,success,0
2024-01-15 08:16:25,192.168.1.17,10.0.0.5,heidi,login,success,0
2024-01-15 08:17:04,192.168.1.14,10.0.0.5,erin,login,success,0
2024-01-15 08:19:55,192.168.1.11,10.0.0.5,bob,login,success,0
2024-01-15 08:20:18,192.168.1.13,10.0.0.5,dave,login,failed,0
2024-01-15 08:20:48,192.168.1.14,10.0.0.5,erin,login,success,0
2024-01-15 08:23:35,192.168.1.10,10.0.0.5,alice,login,success,0
2024-01-15 08:24:09,192.168.1.10,10.0.0.5,alice,login,success,0
2024-01-15 08:26:08,192.168.1.16,10.0.0.5,grace,login,success,0
2024-01-15 08:26:11,192.168.1.11,10.0.0.5,bob,login,success,0
2024-01-15 08:29:23,192.168.1.13,10.0.0.5,dave,login,success,0
2024-01-15 08:35:32,192.168.1.17,10.0.0.5,heidi,login,success,0
2024-01-15 08:36:40,192.168.1.15,10.0.0.5,frank,login,success,0
2024-01-15 08:41:19,192.168.1.17,10.0.0.5,heidi,login,success,0
2024-01-15 08:42:44,192.168.1.10,10.0.0.5,alice,login,success,0
2024-01-15 08:42:47,192.168.1.10,10.0.0.5,alice,login,failed,0
2024-01-15 08:43:00,8.8.8.8,10.0.0.5,dave,login,success,1
2024-01-15 08:43:50,192.168.1.11,10.0.0.5,bob,login,success,0
2024-01-15 08:43:58,192.168.1.16,10.0.0.5,grace,login,success,0
2024-01-15 08:48:13,192.168.1.17,10.0.0.5,heidi,login,success,0
2024-01-15 08:49:00,9.9.9.9,10.0.0.5,dave,login,success,1
2024-01-15 08:52:37,192.168.1.10,10.0.0.5,alice,login,success,0
2024-01-15 08:54:33,192.168.1.11,10.0.0.5,bob,login,success,0
2024-01-15 08:54:39,192.168.1.16,10.0.0.5,grace,login,success,0
2024-01-15 08:57:18,192.168.1.13,10.0.0.5,dave,login,success,0
2024-01-15 08:58:05,192.168.1.13,10.0.0.5,dave,login,success,0
2024-01-15 08:59:46,192.168.1.11,10.0.0.5,bob,login,success,0
2024-01-15 09:02:25,192.168.1.16,10.0.0.5,grace,login,success,0
2024-01-15 09:03:58,192.168.1.14,10.0.0.5,erin,login,success,0
2024-01-15 09:04:39,192.168.1.10,10.0.0.5,alice,login,failed,0
2024-01-15 09:05:49,192.168.1.13,10.0.0.5,dave,login,success,0
2024-01-15 09:07:26,192.168.1.10,10.0.0.5,alice,login,success,0
2024-01-15 09:08:06,192.168.1.14,10.0.0.5,erin,login,success,0
2024-01-15 09:08:09,192.168.1.13,10.0.0.5,dave,login,success,0
2024-01-15 09:08:45,192.168.1.17,10.0.0.5,heidi,login,success,0
2024-01-15 09:11:10,192.168.1.11,10.0.0.5,bob,login,success,0
2024-01-15 09:11:30,192.168.1.10,10.0.0.5,alice,login,success,0
2024-01-15 09:11:37,192.168.1.11,10.0.0.5,bob,login,failed,0
2024-01-15 09:12:39,192.168.1.15,10.0.0.5,frank,login,success,0
2024-01-15 09:14:19,192.168.1.12,10.0.0.5,carol,login,success,0
2024-01-15 09:14:52,192.168.1.10,10.0.0.5,alice,login,success,0
2024-01-15 09:21:04,192.168.1.13,10.0.0.5,dave,login,success,0
2024-01-15 09:21:18,192.168.1.14,10.0.0.5,erin,login,success,0
2024-01-15 09:23:32,192.168.1.17,10.0.0.5,heidi,login,success,0
2024-01-15 09:24:52,192.168.1.15,10.0.0.5,frank,login,failed,0
2024-01-15 09:26:08,192.168.1.17,10.0.0.5,heidi,login,success,0
2024-01-15 09:27:14,192.168.1.12,10.0.0.5,carol,login,success,0
2024-01-15 09:27:44,192.168.1.11,10.0.0.5,bob,login,success,0
2024-01-15 09:29:48,192.168.1.10,10.0.0.5,alice,login,success,0
2024-01-15 09:30:20,192.168.1.11,10.0.0.5,bob,login,success,0
2024-01-15 09:33:35,192.168.1.10,10.0.0.5,alice,login,success,0
2024-01-15 09:37:25,192.168.1.14,10.0.0.5,erin,login,success,0
2024-01-15 09:41:14,192.168.1.12,10.0.0.5,carol,login,success,0
2024-01-15 09:43:08,192.168.1.12,10.0.0.5,carol,login,failed,0
2024-01-15 09:46:24,192.168.1.16,10.0.0.5,grace,login,success,0
2024-01-15 09:47:32,192.168.1.12,10.0.0.5,carol,login,success,0
2024-01-15 09:52:33,192.168.1.13,10.0.0.5,dave,login,success,0
2024-01-15 10:05:05,192.168.1.10,10.0.0.5,alice,login,success,0
2024-01-15 10:08:23,192.168.1.15,10.0.0.5,frank,login,success,0
2024-01-15 10:08:55,192.168.1.12,10.0.0.5,carol,login,success,0
2024-01-15 10:15:41,192.168.1.10,10.0.0.5,alice,login,success,0
2024-01-15 10:16:58,192.168.1.10,10.0.0.5,alice,login,success,0
2024-01-15 10:18:54,192.168.1.15,10.0.0.5,frank,login,success,0
2024-01-15 10:20:00,192.168.1.11,10.0.0.5,bob,login,success,0
2024-01-15 10:21:23,192.168.1.13,10.0.0.5,dave,login,success,0
2024-01-15 10:26:24,192.168.1.10,10.0.0.5,alice,login,success,0
2024-01-15 10:29:36,192.168.1.16,10.0.0.5,grace,login,success,0
2024-01-15 10:32:43,192.168.1.13,10.0.0.5,dave,login,success,0
2024-01-15 10:36:03,192.168.1.16,10.0.0.5,grace,login,success,0
2024-01-15 10:36:30,192.168.1.16,10.0.0.5,grace,login,success,0
2024-01-15 10:40:07,192.168.1.17,10.0.0.5,heidi,login,success,0
2024-01-15 10:41:15,192.168.1.16,10.0.0.5,grace,login,success,0
2024-01-15 10:43:30,192.168.1.13,10.0.0.5,dave,login,failed,0
2024-01-15 10:45:19,192.168.1.16,10.0.0.5,grace,login,success,0
2024-01-15 10:49:58,192.168.1.17,10.0.0.5,heidi,login,success,0
2024-01-15 10:50:17,192.168.1.13,10.0.0.5,dave,login,success,0
2024-01-15 10:51:28,192.168.1.17,10.0.0.5,heidi,login,success,0
2024-01-15 10:52:57,192.168.1.10,10.0.0.5,alice,login,success,0
2024-01-15 10:55:00,192.168.1.12,10.0.0.5,carol,login,success,0
2024-01-15 10:55:08,192.168.1.14,10.0.0.5,erin,login,success,0
2024-01-15 10:55:44,192.168.1.10,10.0.0.5,alice,login,success,0
2024-01-15 10:58:12,192.168.1.10,10.0.0.5,alice,login,success,0
2024-01-15 10:58:30,192.168.1.14,10.0.0.5,erin,login,success,0
2024-01-15 10:59:12,192.168.1.16,10.0.0.5,grace,login,success,0
2024-01-15 11:05:37,192.168.1.17,10.0.0.5,heidi,login,success,0
2024-01-15 11:05:42,192.168.1.16,10.0.0.5,grace,login,success,0
2024-01-15 11:06:02,192.168.1.11,10.0.0.5,bob,login,success,0
2024-01-15 11:08:00,1.1.1.1,10.0.0.5,erin,login,success,1
2024-01-15 11:13:00,103.86.96.100,10.0.0.5,erin,login,success,1
2024-01-15 11:18:38,192.168.1.13,10.0.0.5,dave,login,success,0
2024-01-15 11:21:45,192.168.1.13,10.0.0.5,dave,login,success,0
2024-01-15 11:22:28,192.168.1.13,10.0.0.5,dave,login,success,0
2024-01-15 11:23:58,192.168.1.12,10.0.0.5,carol,login,success,0
2024-01-15 11:24:23,192.168.1.17,10.0.0.5,heidi,login,success,0
2024-01-15 11:26:36,192.168.1.17,10.0.0.5,heidi,login,success,0
2024-01-15 11:26:45,192.168.1.14,10.0.0.5,erin,login,success,0
2024-01-15 11:27:46,192.168.1.17,10.0.0.5,heidi,login,success,0
2024-01-15 11:30:40,192.168.1.14,10.0.0.5,erin,login,success,0
2024-01-15 11:33:24,192.168.1.17,10.0.0.5,heidi,login,success,0
2024-01-15 11:38:40,192.168.1.16,10.0.0.5,grace,login,success,0
2024-01-15 11:40:14,192.168.1.17,10.0.0.5,heidi,login,success,0
2024-01-15 11:42:41,192.168.1.10,10.0.0.5,alice,login,success,0
2024-01-15 11:47:00,8.8.8.8,10.0.0.5,carol,login,failed,1
2024-01-15 11:47:05,8.8.8.8,10.0.0.5,carol,login,failed,1
2024-01-15 11:47:10,8.8.8.8,10.0.0.5,carol,login,failed,1
2024-01-15 11:47:15,8.8.8.8,10.0.0.5,carol,login,failed,1
2024-01-15 11:47:20,8.8.8.8,10.0.0.5,carol,login,failed,1
2024-01-15 11:47:25,8.8.8.8,10.0.0.5,carol,login,failed,1
2024-01-15 11:47:30,8.8.8.8,10.0.0.5,carol,login,success,1
2024-01-15 11:51:48,192.168.1.17,10.0.0.5,heidi,login,success,0
2024-01-15 11:52:09,192.168.1.17,10.0.0.5,heidi,login,success,0
2024-01-15 11:52:56,192.168.1.14,10.0.0.5,erin,login,success,0
2024-01-15 11:55:05,192.168.1.17,10.0.0.5,heidi,login,success,0
2024-01-15 12:07:37,192.168.1.17,10.0.0.5,heidi,login,success,0
2024-01-15 12:09:08,192.168.1.15,10.0.0.5,frank,login,success,0
2024-01-15 12:10:04,192.168.1.14,10.0.0.5,erin,login,success,0
2024-01-15 12:14:52,192.168.1.16,10.0.0.5,grace,login,success,0
2024-01-15 12:17:16,192.168.1.10,10.0.0.5,alice,login,success,0
2024-01-15 12:19:34,192.168.1.15,10.0.0.5,frank,login,success,0
2024-01-15 12:20:13,192.168.1.11,10.0.0.5,bob,login,success,0
2024-01-15 12:21:14,192.168.1.15,10.0.0.5,frank,login,success,0
2024-01-15 12:21:25,192.168.1.12,10.0.0.5,carol,login,success,0
2024-01-15 12:22:00,1.1.1.1,10.0.0.5,grace,login,failed,1
2024-01-15 12:22:05,1.1.1.1,10.0.0.5,grace,login,failed,1
2024-01-15 12:22:10,1.1.1.1,10.0.0.5,grace,login,failed,1
2024-01-15 12:22:15,1.1.1.1,10.0.0.5,grace,login,failed,1
2024-01-15 12:22:20,1.1.1.1,10.0.0.5,grace,login,failed,1
2024-01-15 12:22:25,1.1.1.1,10.0.0.5,grace,login,failed,1
2024-01-15 12:22:30,1.1.1.1,10.0.0.5,grace,login,failed,1
2024-01-15 12:22:35,1.1.1.1,10.0.0.5,grace,login,failed,1
2024-01-15 12:22:40,1.1.1.1,10.0.0.5,grace,login,success,1
2024-01-15 12:31:51,192.168.1.16,10.0.0.5,grace,login,success,0
2024-01-15 12:32:09,192.168.1.10,10.0.0.5,alice,login,success,0
2024-01-15 12:33:45,192.168.1.10,10.0.0.5,alice,login,success,0
2024-01-15 12:38:00,185.228.168.9,10.0.0.5,dave,login,success,1
2024-01-15 12:40:00,1.1.1.1,10.0.0.5,dave,login,success,1
2024-01-15 12:41:45,192.168.1.14,10.0.0.5,erin,login,success,0
2024-01-15 12:42:00,1.1.1.1,10.0.0.5,erin,login,failed,1
2024-01-15 12:42:05,1.1.1.1,10.0.0.5,erin,login,failed,1
2024-01-15 12:42:10,1.1.1.1,10.0.0.5,erin,login,failed,1
2024-01-15 12:42:15,1.1.1.1,10.0.0.5,erin,login,failed,1
2024-01-15 12:42:20,1.1.1.1,10.0.0.5,erin,login,failed,1
2024-01-15 12:42:25,1.1.1.1,10.0.0.5,erin,login,failed,1
2024-01-15 12:42:30,1.1.1.1,10.0.0.5,erin,login,failed,1
2024-01-15 12:42:35,1.1.1.1,10.0.0.5,erin,login,failed,1
2024-01-15 12:42:40,1.1.1.1,10.0.0.5,erin,login,success,1
2024-01-15 12:52:05,192.168.1.15,10.0.0.5,frank,login,success,0
2024-01-15 13:00:02,192.168.1.13,10.0.0.5,dave,login,success,0
2024-01-15 13:01:15,192.168.1.16,10.0.0.5,grace,login,success,0
2024-01-15 13:02:32,192.168.1.10,10.0.0.5,alice,login,success,0
2024-01-15 13:06:01,192.168.1.11,10.0.0.5,bob,login,success,0
2024-01-15 13:06:03,192.168.1.11,10.0.0.5,bob,login,success,0
2024-01-15 13:06:06,192.168.1.16,10.0.0.5,grace,login,success,0
2024-01-15 13:06:46,192.168.1.17,10.0.0.5,heidi,login,success,0
2024-01-15 13:18:30,192.168.1.16,10.0.0.5,grace,login,success,0
2024-01-15 13:18:52,192.168.1.16,10.0.0.5,grace,login,success,0
2024-01-15 13:19:14,192.168.1.15,10.0.0.5,frank,login,success,0
2024-01-15 13:22:07,192.168.1.16,10.0.0.5,grace,login,success,0
2024-01-15 13:22:07,192.168.1.14,10.0.0.5,erin,login,success,0
2024-01-15 13:34:07,192.168.1.11,10.0.0.5,bob,login,success,0
2024-01-15 13:34:29,192.168.1.17,10.0.0.5,heidi,login,success,0
2024-01-15 13:36:47,192.168.1.12,10.0.0.5,carol,login,success,0
2024-01-15 13:41:00,185.228.168.9,10.0.0.5,carol,login,success,1
2024-01-15 13:43:00,1.1.1.1,10.0.0.5,carol,login,success,1
2024-01-15 13:45:13,192.168.1.17,10.0.0.5,heidi,login,success,0
2024-01-15 13:45:38,192.168.1.16,10.0.0.5,grace,login,success,0
2024-01-15 13:47:02,192.168.1.11,10.0.0.5,bob,login,success,0
2024-01-15 13:48:02,192.168.1.17,10.0.0.5,heidi,login,success,0
2024-01-15 13:49:52,192.168.1.16,10.0.0.5,grace,login,success,0
2024-01-15 13:53:07,192.168.1.16,10.0.0.5,grace,login,success,0
2024-01-15 13:54:24,192.168.1.16,10.0.0.5,grace,login,success,0
2024-01-15 13:57:23,192.168.1.15,10.0.0.5,frank,login,failed,0
2024-01-15 13:59:33,192.168.1.16,10.0.0.5,grace,login,success,0
2024-01-15 14:01:04,192.168.1.13,10.0.0.5,dave,login,success,0
2024-01-15 14:04:13,192.168.1.11,10.0.0.5,bob,login,success,0
2024-01-15 14:06:45,192.168.1.16,10.0.0.5,grace,login,success,0
2024-01-15 14:06:48,192.168.1.17,10.0.0.5,heidi,login,success,0
2024-01-15 14:10:17,192.168.1.14,10.0.0.5,erin,login,success,0
2024-01-15 14:19:05,192.168.1.11,10.0.0.5,bob,login,success,0
2024-01-15 14:21:03,192.168.1.17,10.0.0.5,heidi,login,success,0
2024-01-15 14:21:11,192.168.1.11,10.0.0.5,bob,login,success,0
2024-01-15 14:22:40,192.168.1.17,10.0.0.5,heidi,login,success,0
2024-01-15 14:23:31,192.168.1.14,10.0.0.5,erin,login,success,0
2024-01-15 14:23:48,192.168.1.14,10.0.0.5,erin,login,success,0
2024-01-15 14:27:00,8.8.8.8,10.0.0.5,carol,login,success,1
2024-01-15 14:27:44,192.168.1.10,10.0.0.5,alice,login,success,0
2024-01-15 14:28:55,192.168.1.17,10.0.0.5,heidi,login,success,0
2024-01-15 14:28:59,192.168.1.10,10.0.0.5,alice,login,success,0
2024-01-15 14:29:00,185.228.168.9,10.0.0.5,carol,login,success,1
2024-01-15 14:30:19,192.168.1.13,10.0.0.5,dave,login,success,0
2024-01-15 14:30:29,192.168.1.11,10.0.0.5,bob,login,success,0
2024-01-15 14:35:13,192.168.1.10,10.0.0.5,alice,login,success,0
2024-01-15 14:36:39,192.168.1.10,10.0.0.5,alice,login,success,0
2024-01-15 14:37:09,192.168.1.16,10.0.0.5,grace,login,success,0
2024-01-15 14:37:12,192.168.1.11,10.0.0.5,bob,login,success,0
2024-01-15 14:37:36,192.168.1.12,10.0.0.5,carol,login,success,0
2024-01-15 14:41:06,192.168.1.17,10.0.0.5,heidi,login,success,0
2024-01-15 14:47:03,192.168.1.11,10.0.0.5,bob,login,success,0
2024-01-15 14:48:18,192.168.1.11,10.0.0.5,bob,login,success,0
2024-01-15 14:48:54,192.168.1.16,10.0.0.5,grace,login,success,0
2024-01-15 14:49:04,192.168.1.14,10.0.0.5,erin,login,success,0
2024-01-15 14:54:07,192.168.1.14,10.0.0.5,erin,login,success,0
2024-01-15 14:54:28,192.168.1.11,10.0.0.5,bob,login,success,0
2024-01-15 15:01:23,192.168.1.16,10.0.0.5,grace,login,success,0
2024-01-15 15:06:47,192.168.1.12,10.0.0.5,carol,login,success,0
2024-01-15 15:13:03,192.168.1.13,10.0.0.5,dave,login,success,0
2024-01-15 15:13:14,192.168.1.17,10.0.0.5,heidi,login,success,0
2024-01-15 15:15:25,192.168.1.16,10.0.0.5,grace,login,success,0
2024-01-15 15:23:40,192.168.1.17,10.0.0.5,heidi,login,success,0
2024-01-15 15:24:40,192.168.1.10,10.0.0.5,alice,login,success,0
2024-01-15 15:25:20,192.168.1.12,10.0.0.5,carol,login,success,0
2024-01-15 15:25:47,192.168.1.12,10.0.0.5,carol,login,success,0
2024-01-15 15:28:23,192.168.1.15,10.0.0.5,frank,login,success,0
2024-01-15 15:29:24,192.168.1.13,10.0.0.5,dave,login,success,0
2024-01-15 15:32:15,192.168.1.14,10.0.0.5,erin,login,success,0
2024-01-15 15:33:07,192.168.1.15,10.0.0.5,frank,login,success,0
2024-01-15 15:33:43,192.168.1.15,10.0.0.5,frank,login,success,0
2024-01-15 15:33:44,192.168.1.15,10.0.0.5,frank,login,success,0
2024-01-15 15:40:57,192.168.1.10,10.0.0.5,alice,login,success,0
2024-01-15 15:45:58,192.168.1.11,10.0.0.5,bob,login,success,0
2024-01-15 15:46:52,192.168.1.10,10.0.0.5,alice,login,success,0
2024-01-15 15:48:00,192.168.1.10,10.0.0.5,alice,login,success,0
2024-01-15 15:48:39,192.168.1.10,10.0.0.5,alice,login,success,0
2024-01-15 15:51:46,192.168.1.14,10.0.0.5,erin,login,success,0
2024-01-15 15:54:00,103.86.96.100,10.0.0.5,erin,login,success,1
2024-01-15 15:55:52,192.168.1.14,10.0.0.5,erin,login,success,0
2024-01-15 15:57:28,192.168.1.16,10.0.0.5,grace,login,success,0
2024-01-15 15:58:32,192.168.1.16,10.0.0.5,grace,login,success,0
2024-01-15 15:58:45,192.168.1.17,10.0.0.5,heidi,login,success,0
2024-01-15 15:59:07,192.168.1.15,10.0.0.5,frank,login,success,0
2024-01-15 16:00:27,192.168.1.15,10.0.0.5,frank,login,failed,0
2024-01-15 16:01:49,192.168.1.16,10.0.0.5,grace,login,success,0
2024-01-15 16:01:52,192.168.1.15,10.0.0.5,frank,login,success,0
2024-01-15 16:02:00,185.228.168.9,10.0.0.5,erin,login,success,1
2024-01-15 16:02:13,192.168.1.16,10.0.0.5,grace,login,success,0
2024-01-15 16:03:33,192.168.1.17,10.0.0.5,heidi,login,success,0
2024-01-15 16:07:08,192.168.1.13,10.0.0.5,dave,login,success,0
2024-01-15 16:10:00,103.86.96.100,10.0.0.5,dave,login,success,1
2024-01-15 16:14:00,1.1.1.1,10.0.0.5,dave,login,success,1
2024-01-15 16:16:38,192.168.1.15,10.0.0.5,frank,login,success,0
2024-01-15 16:17:00,103.86.96.100,10.0.0.5,alice,login,success,1
2024-01-15 16:20:51,192.168.1.15,10.0.0.5,frank,login,success,0
2024-01-15 16:21:10,192.168.1.10,10.0.0.5,alice,login,success,0
2024-01-15 16:23:07,192.168.1.15,10.0.0.5,frank,login,success,0
2024-01-15 16:24:00,185.228.168.9,10.0.0.5,alice,login,success,1
2024-01-15 16:29:58,192.168.1.11,10.0.0.5,bob,login,success,0
2024-01-15 16:31:14,192.168.1.13,10.0.0.5,dave,login,success,0
2024-01-15 16:34:06,192.168.1.16,10.0.0.5,grace,login,success,0
2024-01-15 16:35:00,9.9.9.9,10.0.0.5,carol,login,success,1
2024-01-15 16:36:00,9.9.9.9,10.0.0.5,grace,login,failed,1
2024-01-15 16:36:05,9.9.9.9,10.0.0.5,grace,login,failed,1
2024-01-15 16:36:10,9.9.9.9,10.0.0.5,grace,login,failed,1
2024-01-15 16:36:15,9.9.9.9,10.0.0.5,grace,login,failed,1
2024-01-15 16:36:20,9.9.9.9,10.0.0.5,grace,login,failed,1
2024-01-15 16:36:25,9.9.9.9,10.0.0.5,grace,login,failed,1
2024-01-15 16:36:30,9.9.9.9,10.0.0.5,grace,login,failed,1
2024-01-15 16:36:35,9.9.9.9,10.0.0.5,grace,login,success,1
2024-01-15 16:36:48,192.168.1.12,10.0.0.5,carol,login,success,0
2024-01-15 16:37:40,192.168.1.13,10.0.0.5,dave,login,success,0
2024-01-15 16:39:20,192.168.1.11,10.0.0.5,bob,login,success,0
2024-01-15 16:42:00,1.1.1.1,10.0.0.5,carol,login,success,1
2024-01-15 16:44:39,192.168.1.16,10.0.0.5,grace,login,success,0
2024-01-15 16:46:05,192.168.1.14,10.0.0.5,erin,login,failed,0
2024-01-15 16:47:35,192.168.1.10,10.0.0.5,alice,login,success,0
2024-01-15 16:48:41,192.168.1.14,10.0.0.5,erin,login,failed,0
2024-01-15 16:49:54,192.168.1.10,10.0.0.5,alice,login,success,0
2024-01-15 16:50:41,192.168.1.15,10.0.0.5,frank,login,success,0
2024-01-15 16:54:29,192.168.1.17,10.0.0.5,heidi,login,success,0
2024-01-15 16:54:36,192.168.1.11,10.0.0.5,bob,login,success,0
2024-01-15 16:56:07,192.168.1.14,10.0.0.5,erin,login,success,0
2024-01-15 16:58:00,192.168.1.12,10.0.0.5,carol,login,success,0
2024-01-15 16:58:09,192.168.1.15,10.0.0.5,frank,login,success,0
2024-01-15 16:58:37,192.168.1.12,10.0.0.5,carol,login,success,0
2024-01-15 16:59:37,192.168.1.11,10.0.0.5,bob,login,success,0
2024-01-15 17:00:37,192.168.1.13,10.0.0.5,dave,login,success,0
2024-01-15 17:02:01,192.168.1.14,10.0.0.5,erin,login,success,0
2024-01-15 17:03:21,192.168.1.15,10.0.0.5,frank,login,success,0
2024-01-15 17:07:09,192.168.1.10,10.0.0.5,alice,login,success,0
2024-01-15 17:10:34,192.168.1.11,10.0.0.5,bob,login,success,0
2024-01-15 17:14:29,192.168.1.11,10.0.0.5,bob,login,success,0
2024-01-15 17:16:43,192.168.1.16,10.0.0.5,grace,login,success,0
2024-01-15 17:17:00,8.8.8.8,10.0.0.5,alice,login,failed,1
2024-01-15 17:17:05,8.8.8.8,10.0.0.5,alice,login,failed,1
2024-01-15 17:17:10,8.8.8.8,10.0.0.5,alice,login,failed,1
2024-01-15 17:17:15,8.8.8.8,10.0.0.5,alice,login,failed,1
2024-01-15 17:17:20,8.8.8.8,10.0.0.5,alice,login,failed,1
2024-01-15 17:17:25,8.8.8.8,10.0.0.5,alice,login,failed,1
2024-01-15 17:17:30,8.8.8.8,10.0.0.5,alice,login,success,1
2024-01-15 17:20:25,192.168.1.13,10.0.0.5,dave,login,success,0
2024-01-15 17:23:04,192.168.1.16,10.0.0.5,grace,login,success,0
2024-01-15 17:24:02,192.168.1.10,10.0.0.5,alice,login,success,0
2024-01-15 17:24:04,192.168.1.17,10.0.0.5,heidi,login,success,0
2024-01-15 17:25:27,192.168.1.16,10.0.0.5,grace,login,success,0
2024-01-15 17:27:35,192.168.1.12,10.0.0.5,carol,login,success,0
2024-01-15 17:28:00,8.8.8.8,10.0.0.5,erin,login,success,1
2024-01-15 17:28:51,192.168.1.16,10.0.0.5,grace,login,success,0
2024-01-15 17:30:58,192.168.1.16,10.0.0.5,grace,login,success,0
2024-01-15 17:32:00,185.228.168.9,10.0.0.5,erin,login,success,1
2024-01-15 17:32:36,192.168.1.15,10.0.0.5,frank,login,failed,0
2024-01-15 17:33:39,192.168.1.10,10.0.0.5,alice,login,success,0
2024-01-15 17:41:09,192.168.1.10,10.0.0.5,alice,login,success,0
2024-01-15 17:46:50,192.168.1.10,10.0.0.5,alice,login,success,0
2024-01-15 17:49:00,185.228.168.9,10.0.0.5,grace,login,failed,1
2024-01-15 17:49:05,185.228.168.9,10.0.0.5,grace,login,failed,1
2024-01-15 17:49:10,185.228.168.9,10.0.0.5,grace,login,failed,1
2024-01-15 17:49:15,185.228.168.9,10.0.0.5,grace,login,failed,1
2024-01-15 17:49:20,185.228.168.9,10.0.0.5,grace,login,failed,1
2024-01-15 17:49:25,185.228.168.9,10.0.0.5,grace,login,failed,1
2024-01-15 17:49:30,185.228.168.9,10.0.0.5,grace,login,failed,1
2024-01-15 17:49:35,185.228.168.9,10.0.0.5,grace,login,success,1
2024-01-15 17:51:59,192.168.1.17,10.0.0.5,heidi,login,success,0
2024-01-15 17:56:28,192.168.1.12,10.0.0.5,carol,login,success,0
2024-01-15 18:02:52,192.168.1.15,10.0.0.5,frank,login,success,0
2024-01-15 18:04:24,192.168.1.13,10.0.0.5,dave,login,success,0
2024-01-15 18:04:38,192.168.1.13,10.0.0.5,dave,login,success,0
2024-01-15 18:06:16,192.168.1.12,10.0.0.5,carol,login,success,0
2024-01-15 18:12:50,192.168.1.15,10.0.0.5,frank,login,success,0
2024-01-15 18:18:32,192.168.1.17,10.0.0.5,heidi,login,success,0
2024-01-15 18:23:30,192.168.1.10,10.0.0.5,alice,login,success,0
2024-01-15 18:25:34,192.168.1.15,10.0.0.5,frank,login,success,0
2024-01-15 18:26:22,192.168.1.15,10.0.0.5,frank,login,success,0
2024-01-15 18:27:20,192.168.1.11,10.0.0.5,bob,login,success,0
2024-01-15 18:27:49,192.168.1.12,10.0.0.5,carol,login,success,0
2024-01-15 18:29:01,192.168.1.10,10.0.0.5,alice,login,success,0
2024-01-15 18:42:33,192.168.1.12,10.0.0.5,carol,login,success,0
2024-01-15 18:42:47,192.168.1.16,10.0.0.5,grace,login,success,0
2024-01-15 18:45:00,8.8.8.8,10.0.0.5,carol,login,success,1
2024-01-15 18:45:17,192.168.1.16,10.0.0.5,grace,login,success,0
2024-01-15 18:46:54,192.168.1.11,10.0.0.5,bob,login,success,0
2024-01-15 18:48:41,192.168.1.10,10.0.0.5,alice,login,success,0
2024-01-15 18:49:00,1.1.1.1,10.0.0.5,carol,login,success,1
2024-01-15 18:57:05,192.168.1.13,10.0.0.5,dave,login,success,0
2024-01-15 18:58:00,9.9.9.9,10.0.0.5,dave,login,success,1
2024-01-15 18:59:04,192.168.1.16,10.0.0.5,grace,login,success,0
2024-01-15 19:01:00,185.228.168.9,10.0.0.5,dave,login,success,1
2024-01-15 19:02:00,9.9.9.9,10.0.0.5,carol,login,success,1
2024-01-15 19:03:24,192.168.1.15,10.0.0.5,frank,login,success,0
2024-01-15 19:03:56,192.168.1.15,10.0.0.5,frank,login,success,0
2024-01-15 19:08:00,185.228.168.9,10.0.0.5,carol,login,success,1
2024-01-15 19:11:26,192.168.1.14,10.0.0.5,erin,login,success,0
2024-01-15 19:13:00,9.9.9.9,10.0.0.5,carol,login,success,1
2024-01-15 19:15:00,103.86.96.100,10.0.0.5,carol,login,success,1
2024-01-15 19:17:10,192.168.1.17,10.0.0.5,heidi,login,failed,0
2024-01-15 19:19:52,192.168.1.10,10.0.0.5,alice,login,success,0
2024-01-15 19:21:00,103.86.96.100,10.0.0.5,dave,login,success,1
2024-01-15 19:21:26,192.168.1.15,10.0.0.5,frank,login,success,0
2024-01-15 19:25:51,192.168.1.12,10.0.0.5,carol,login,success,0
2024-01-15 19:26:00,185.228.168.9,10.0.0.5,dave,login,success,1
2024-01-15 19:26:13,192.168.1.11,10.0.0.5,bob,login,success,0
2024-01-15 19:28:04,192.168.1.15,10.0.0.5,frank,login,success,0
2024-01-15 19:28:30,192.168.1.11,10.0.0.5,bob,login,success,0
2024-01-15 19:29:33,192.168.1.10,10.0.0.5,alice,login,success,0
2024-01-15 19:30:05,192.168.1.15,10.0.0.5,frank,login,success,0
2024-01-15 19:32:08,192.168.1.12,10.0.0.5,carol,login,success,0
2024-01-15 19:42:02,192.168.1.10,10.0.0.5,alice,login,success,0
2024-01-15 19:42:30,192.168.1.13,10.0.0.5,dave,login,success,0
2024-01-15 19:44:31,192.168.1.12,10.0.0.5,carol,login,success,0
2024-01-15 19:48:06,192.168.1.17,10.0.0.5,heidi,login,success,0
2024-01-15 19:48:40,192.168.1.15,10.0.0.5,frank,login,success,0
2024-01-15 19:51:38,192.168.1.14,10.0.0.5,erin,login,success,0
2024-01-15 19:51:48,192.168.1.14,10.0.0.5,erin,login,success,0
2024-01-15 19:52:31,192.168.1.10,10.0.0.5,alice,login,success,0
2024-01-15 19:54:35,192.168.1.13,10.0.0.5,dave,login,success,0
2024-01-15 19:55:21,192.168.1.11,10.0.0.5,bob,login,success,0
2024-01-15 19:57:00,1.1.1.1,10.0.0.5,frank,login,failed,1
2024-01-15 19:57:05,1.1.1.1,10.0.0.5,frank,login,failed,1
2024-01-15 19:57:09,192.168.1.13,10.0.0.5,dave,login,success,0
2024-01-15 19:57:10,1.1.1.1,10.0.0.5,frank,login,failed,1
2024-01-15 19:57:15,1.1.1.1,10.0.0.5,frank,login,failed,1
2024-01-15 19:57:20,1.1.1.1,10.0.0.5,frank,login,failed,1
2024-01-15 19:57:25,1.1.1.1,10.0.0.5,frank,login,failed,1
2024-01-15 19:57:30,1.1.1.1,10.0.0.5,frank,login,success,1
2024-01-15 19:57:34,192.168.1.10,10.0.0.5,alice,login,success,0
2024-01-15 19:57:44,192.168.1.11,10.0.0.5,bob,login,success,0
2024-01-15 19:58:04,192.168.1.16,10.0.0.5,grace,login,success,0
2024-01-15 19:59:14,192.168.1.15,10.0.0.5,frank,login,success,0
2024-01-15 19:59:48,192.168.1.10,10.0.0.5,alice,login,success,0
2024-01-15 20:02:00,185.228.168.9,10.0.0.5,frank,login,failed,1
2024-01-15 20:02:05,185.228.168.9,10.0.0.5,frank,login,failed,1
2024-01-15 20:02:10,185.228.168.9,10.0.0.5,frank,login,failed,1
2024-01-15 20:02:15,185.228.168.9,10.0.0.5,frank,login,failed,1
2024-01-15 20:02:20,185.228.168.9,10.0.0.5,frank,login,failed,1
2024-01-15 20:02:25,185.228.168.9,10.0.0.5,frank,login,failed,1
2024-01-15 20:02:30,185.228.168.9,10.0.0.5,frank,login,failed,1
2024-01-15 20:02:35,185.228.168.9,10.0.0.5,frank,login,success,1
2024-01-15 22:45:00,9.9.9.9,10.0.0.5,grace,login,failed,1
2024-01-15 22:45:05,9.9.9.9,10.0.0.5,grace,login,failed,1
2024-01-15 22:45:10,9.9.9.9,10.0.0.5,grace,login,failed,1
2024-01-15 22:45:15,9.9.9.9,10.0.0.5,grace,login,failed,1
2024-01-15 22:45:20,9.9.9.9,10.0.0.5,grace,login,success,1
2024-01-15 23:49:00,9.9.9.9,10.0.0.5,heidi,login,failed,1
2024-01-15 23:49:05,9.9.9.9,10.0.0.5,heidi,login,failed,1
2024-01-15 23:49:10,9.9.9.9,10.0.0.5,heidi,login,failed,1
2024-01-15 23:49:15,9.9.9.9,10.0.0.5,heidi,login,failed,1
2024-01-15 23:49:20,9.9.9.9,10.0.0.5,heidi,login,failed,1
2024-01-15 23:49:25,9.9.9.9,10.0.0.5,heidi,login,failed,1
2024-01-15 23:49:30,9.9.9.9,10.0.0.5,heidi,login,failed,1
2024-01-15 23:49:35,9.9.9.9,10.0.0.5,heidi,login,failed,1
2024-01-15 23:49:40,9.9.9.9,10.0.0.5,heidi,login,success,1
2024-01-15 23:59:00,103.86.96.100,10.0.0.5,bob,login,failed,1
2024-01-15 23:59:05,103.86.96.100,10.0.0.5,bob,login,failed,1
2024-01-15 23:59:10,103.86.96.100,10.0.0.5,bob,login,failed,1
2024-01-15 23:59:15,103.86.96.100,10.0.0.5,bob,login,failed,1
2024-01-15 23:59:20,103.86.96.100,10.0.0.5,bob,login,failed,1
2024-01-15 23:59:25,103.86.96.100,10.0.0.5,bob,login,failed,1
2024-01-15 23:59:30,103.86.96.100,10.0.0.5,bob,login,failed,1
2024-01-15 23:59:35,103.86.96.100,10.0.0.5,bob,login,success,1
